ID,sugar_group,901.1393731,905.0480899,908.9524819,912.852549,918.0459109,921.9358868,925.8215378,929.7028639,933.5798653,937.4525418,941.3208935,945.1849203,949.0446224,954.1841642,958.033775,961.8790609,965.720022,969.5566583,973.3889697,977.2169563,981.0406181,984.859955,988.6749671,993.7549224,997.5598433,1001.360439,1005.15671,1008.948657,1012.736278,1016.519575,1020.298547,1024.073194,1029.099329,1032.863885,1036.624116,1040.380022,1044.131603,1047.87886,1051.621791,1055.360398,1059.09468,1062.824637,1067.791186,1071.511052,1075.226593,1078.937809,1082.6447,1086.347267,1090.045508,1093.739425,1097.429017,1102.341746,1106.021246,1109.696422,1113.367274,1117.0338,1120.696001,1124.353878,1128.00743,1131.656657,1135.301559,1140.154701,1143.789512,1147.419998,1151.046159,1154.667995,1158.285507,1161.898693,1165.507555,1169.112092,1173.911414,1177.50586,1181.095981,1184.681777,1188.263248,1191.840395,1195.413216,1198.981713,1202.545885,1207.291387,1210.845467,1214.395223,1217.940654,1221.48176,1225.018542,1228.550998,1232.07913,1235.602937,1239.122419,1243.808334,1247.317725,1250.822791,1254.323532,1257.819948,1261.31204,1264.799806,1268.283248,1271.762365,1276.39446,1279.863486,1283.328187,1286.788563,1290.244614,1293.69634,1297.143742,1300.586819,1304.02557,1307.459998,1312.032506,1315.456842,1318.876853,1322.292539,1325.7039,1329.110937,1332.513648,1335.912035,1339.306097,1343.824785,1347.208756,1350.588402,1353.963723,1357.334719,1360.701391,1364.063737,1367.421759,1370.775456,1374.124828,1378.58393,1381.92321,1385.258166,1388.588798,1391.915104,1395.237085,1398.554742,1401.868074,1405.177081,1409.582362,1412.881278,1416.175869,1419.466135,1422.752076,1426.033693,1429.310984,1432.583951,1435.852593,1440.204054,1443.462605,1446.716831,1449.966732,1453.212308,1456.453559,1459.690486,1462.923087,1466.151364,1469.375316,1473.667191,1476.881052,1480.090588,1483.295799,1486.496685,1489.693246,1492.885483,1496.073395,1499.256982,1503.495037,1506.668532,1509.837703,1513.002549,1516.16307,1519.319266,1522.471138,1525.618684,1528.761906,1531.900803,1536.079272,1539.208077,1542.332558,1545.452714,1548.568546,1551.680052,1554.787233,1557.89009,1560.988622,1565.11327,1568.201711,1571.285827,1574.365618,1577.441084,1580.512225,1583.579042,1586.641533,1589.6997,1592.753542,1596.818604,1599.862355,1602.901781,1605.936882,1608.967658,1611.994109,1615.016236,1618.034037,1621.047514,1625.058756,1628.062142,1631.061202,1634.055938,1637.04635,1640.032436,1643.014197,1645.991634,1648.964746,1651.933533,1655.885188,1658.843884,1661.798255,1664.748301,1667.694022,1670.635418,1673.57249,1676.505236,1679.433658,1683.331493,1686.249824,1689.16383,1692.073511,1694.978867,1697.879898,1700.776605
1,fructose,0,0,0.001222047,0.003803157,0.00776652,0.010414929,0.009487962,0.011112574,0.008927064,0.00824639,0.007545927,0.00640627,0.00688768,0.009113626,0.010963848,0.012946456,0.016414126,0.020198392,0.026522642,0.034240056,0.04287596,0.050284856,0.05668993,0.063578757,0.067050975,0.068280944,0.069301654,0.068601016,0.068277249,0.065570818,0.063724001,0.061091923,0.056425814,0.053182287,0.049984677,0.046640007,0.043780298,0.041646001,0.038985038,0.036315466,0.034546101,0.032086336,0.028863765,0.025399439,0.02237396,0.020058531,0.017460395,0.014530911,0.013330903,0.009477253,0.006991504,0.004362611,0.00263054,0.001687701,0.000816252,0,0,0.001394829,0.004156503,0.006576644,0.008954164,0.012431141,0.016685761,0.02236627,0.028293761,0.034578794,0.039458087,0.042947141,0.048159475,0.053549451,0.059842033,0.064594808,0.069426672,0.073809631,0.080029117,0.087572714,0.093850047,0.097217659,0.097711798,0.099245798,0.100896994,0.100340684,0.095947928,0.087348079,0.076880154,0.067302442,0.060067411,0.053165195,0.047744399,0.043821451,0.042233127,0.039364733,0.036513649,0.033605958,0.032062345,0.029492904,0.026527449,0.022370592,0.019111538,0.01634401,0.012065593,0.009136043,0.007572019,0.005963251,0.004725858,0.003397135,0.002053619,0.001881593,0.001442823,0.000975944,0,0,3.59E-05,0.000197406,0,0,0.002127991,0.009977212,0.01865404,0.03099626,0.047954312,0.064798783,0.079105976,0.088967576,0.094818768,0.096667813,0.093798288,0.083239067,0.073845801,0.066514552,0.0620667,0.062634044,0.065290485,0.071192562,0.078942912,0.088464233,0.109171511,0.13128074,0.158197812,0.187633964,0.222358887,0.264415704,0.311383481,0.361165151,0.409161887,0.450635393,0.473618116,0.494713837,0.517531927,0.541410028,0.569564751,0.586580987,0.591758092,0.579071146,0.558986162,0.533868892,0.523803344,0.514854723,0.507772584,0.500931237,0.495458608,0.490035969,0.486355144,0.483212628,0.474362065,0.466284579,0.458392154,0.449573163,0.441923851,0.433462837,0.424722598,0.415666459,0.402874394,0.393457693,0.384464783,0.383330265,0.378930356,0.367913342,0.355598407,0.34435503,0.338705613,0.332114531,0.330771778,0.333787115,0.334420787,0.331005899,0.328301556,0.322280307,0.30973267,0.298292473,0.290259698,0.276200553,0.269696704,0.254413629,0.242611615,0.234476946,0.226870018,0.22240802,0.217311033,0.214605721,0.213867283,0.205065628,0.195773879,0.187181584,0.180355491,0.176439857,0.169623299,0.165073194,0.159909251,0.146826996,0.137850807,0.124540981,0.110975481,0.097794221,0.089764955,0.081037406,0.071374109,0.061713284,0.058832243,0.075416191,0.092432412,0.109010288,0.078733994,0.022706287,0.012741935,0.014247112,0.00408238,0
2,fructose,0,0,0.003716462,0.006235863,0.010001688,0.012334297,0.013031593,0.013061042,0.012096395,0.011265369,0.009998705,0.00911616,0.010118362,0.011995644,0.013734681,0.015060108,0.019142677,0.023237866,0.028814766,0.037243418,0.045116944,0.052932478,0.059513534,0.065524684,0.069576188,0.070499126,0.071169885,0.070336509,0.070064751,0.067957079,0.065604805,0.062194621,0.058792678,0.055125747,0.051533577,0.048084489,0.04544072,0.042686281,0.04043489,0.037626998,0.035501715,0.033846559,0.030333447,0.026713088,0.023747134,0.021107228,0.018080585,0.015561919,0.013832007,0.009992671,0.007941521,0.004746031,0.003163388,0.001694782,0.000568026,0,0,0.001213746,0.003724654,0.006109378,0.008797009,0.011638247,0.016354105,0.02158608,0.028534376,0.03458699,0.038783564,0.042240662,0.047644308,0.052934511,0.059799933,0.064019206,0.068635014,0.073253546,0.079853385,0.087403155,0.093285146,0.096614576,0.097670696,0.099402026,0.100532531,0.101177764,0.096256873,0.087107104,0.076850583,0.068110353,0.060650472,0.053367887,0.048029826,0.044195072,0.042235238,0.039402552,0.036390235,0.033717907,0.031979242,0.029023523,0.026059372,0.022500936,0.019189109,0.016310175,0.012226024,0.009422749,0.007348929,0.006230616,0.0046635,0.003116886,0.002159713,0.001929207,0.001728271,0.001121351,0,0,2.59E-05,4.24E-05,0,0,0.002191119,0.010844374,0.019326789,0.031956266,0.048346605,0.065247649,0.080100064,0.089928496,0.096190135,0.097785521,0.094922307,0.084468227,0.075944418,0.068017255,0.064188586,0.063944002,0.067434833,0.07341551,0.082246628,0.091645508,0.112866589,0.13534033,0.162296683,0.192026306,0.228655275,0.269818257,0.317392738,0.367524392,0.416541087,0.457893303,0.478673842,0.50049919,0.523477066,0.550813144,0.57512424,0.592345907,0.595840727,0.582487651,0.562343717,0.540110303,0.529447563,0.520128441,0.513574233,0.505939559,0.499908358,0.493829237,0.491259247,0.485602538,0.476791493,0.469081149,0.462421738,0.451978897,0.445054837,0.435584629,0.427236036,0.418221294,0.405239245,0.393943892,0.387431525,0.384611992,0.381071657,0.372033106,0.358917774,0.348747404,0.340695071,0.338831048,0.335745926,0.336922432,0.340243115,0.3364816,0.333488137,0.324480111,0.312935487,0.301101859,0.289846831,0.280788835,0.271846047,0.256932255,0.247482338,0.237416636,0.23335456,0.226652653,0.224839654,0.218531584,0.216676203,0.211220044,0.199772243,0.192959839,0.187128348,0.179864017,0.173354583,0.167360369,0.160113463,0.152507415,0.143039159,0.129668712,0.115496518,0.102129637,0.096294871,0.087595551,0.077314956,0.067159778,0.065896103,0.084547972,0.098253161,0.10218643,0.063725735,0.033927235,0.019202885,0.010810711,0,0
3,fructose,0,0.003939709,0.003863817,0.0068024,0.009493835,0.011652124,0.013668567,0.014043284,0.012917466,0.010206107,0.009924179,0.010318989,0.009563491,0.011660883,0.013638547,0.015526438,0.01916862,0.023165927,0.029913197,0.037773296,0.045695999,0.053930415,0.059615361,0.066437865,0.069797216,0.070990195,0.071709592,0.071322588,0.070277998,0.068529543,0.065669105,0.063216881,0.058622933,0.055052911,0.052103807,0.04816664,0.045264397,0.042666772,0.040748818,0.038087131,0.036362663,0.033849766,0.030220129,0.026961662,0.023614617,0.021236563,0.018807386,0.015593378,0.013353343,0.009631727,0.008081514,0.005173026,0.003204913,0.001614464,0.001003599,0,8.93E-06,0.000735262,0.003586685,0.006354684,0.008569292,0.012492628,0.015863902,0.021949103,0.027815831,0.034343787,0.038657076,0.042359137,0.046663668,0.052524204,0.059978885,0.064379128,0.06871335,0.072864277,0.080002387,0.087581664,0.093279115,0.097023958,0.098206316,0.09920196,0.100456075,0.100806904,0.096781448,0.088116,0.077180048,0.06810464,0.060500552,0.05413128,0.048719444,0.044539953,0.043004853,0.039928296,0.036959878,0.034424099,0.032409152,0.029983895,0.026796525,0.022892219,0.019453076,0.016696497,0.012734881,0.009597644,0.00788256,0.006667238,0.005048139,0.003350601,0.002233208,0.002052449,0.002110777,0.001376766,0,0,0.000157005,0.000617156,0,0,0.002482275,0.010947831,0.01931093,0.031607928,0.048428999,0.064840898,0.079823454,0.089605102,0.095485647,0.097547781,0.094716629,0.084735141,0.07567813,0.068573388,0.064177414,0.064021331,0.067457092,0.073706709,0.081968431,0.092008104,0.113107781,0.135348487,0.162339104,0.193222461,0.229280788,0.270756391,0.317933048,0.369347031,0.416189263,0.458770929,0.481437517,0.501701888,0.523461501,0.551503622,0.575270628,0.590988558,0.592526687,0.58192421,0.562145743,0.539748035,0.529072487,0.521489976,0.515111999,0.505254393,0.501304189,0.494170869,0.491110863,0.483191135,0.478417753,0.467380001,0.458675706,0.45087944,0.442989656,0.432742706,0.426636554,0.41775406,0.403735256,0.394983543,0.38456849,0.381744266,0.37999079,0.368635827,0.357348735,0.348119239,0.338592498,0.334624742,0.333852345,0.33455408,0.335781877,0.337074584,0.330962653,0.321532957,0.310008908,0.299470897,0.288235783,0.278963512,0.270696659,0.256683579,0.24766223,0.235038404,0.22859925,0.22574597,0.219523601,0.217796209,0.215034888,0.20925098,0.198684484,0.193147052,0.183939669,0.177409028,0.171885476,0.168082291,0.16091611,0.15053109,0.140470801,0.128829313,0.111461301,0.102650721,0.094474865,0.083907268,0.0762536,0.060298692,0.063199474,0.078952005,0.095746824,0.096842253,0.072379262,0.036285651,0.014563128,0.009773066,0,0
4,fructose,0,0.00072706,0.002205338,0.005044787,0.007568088,0.010603749,0.013910961,0.012878455,0.011122873,0.009781297,0.009881457,0.008828241,0.009215662,0.011153518,0.012654516,0.014440255,0.018478578,0.023044041,0.02957451,0.037303292,0.045224264,0.052907106,0.059294507,0.066387534,0.069547911,0.070691367,0.071109049,0.070963547,0.069307537,0.068063983,0.065946715,0.062884657,0.058011403,0.054903257,0.051645883,0.048201542,0.045765361,0.042808239,0.040772103,0.038594311,0.036231008,0.033936732,0.030195504,0.027205504,0.023737462,0.021206732,0.018565238,0.015338741,0.014115228,0.009960248,0.007802708,0.005216205,0.003324093,0.001591939,0.001220384,0,0.000106123,0.001004309,0.003689084,0.006608626,0.008922432,0.012273598,0.016209095,0.021101567,0.028188618,0.03383828,0.038354141,0.042501357,0.047077071,0.053164434,0.060015572,0.064538563,0.068904483,0.073394061,0.080250534,0.087930613,0.094019891,0.097096406,0.098727524,0.099864222,0.101740363,0.101327941,0.097243301,0.088151365,0.078199897,0.068713343,0.061401918,0.054649466,0.049222854,0.044636633,0.042728136,0.040502618,0.037289741,0.034744503,0.032933596,0.029688377,0.027078937,0.022870898,0.019729605,0.01685927,0.012598829,0.009886482,0.007885366,0.006607226,0.005083343,0.003647791,0.001906007,0.001937775,0.001985279,0.000864611,0.000143501,0,0.000434093,0.000403939,0,0,0.00213636,0.010525529,0.019326379,0.032130976,0.048825284,0.065484337,0.080277336,0.089996932,0.096305881,0.098061783,0.094578954,0.084440741,0.076426633,0.069141304,0.064151718,0.064188057,0.067801517,0.073704282,0.082023057,0.092899118,0.113078521,0.135754967,0.162506464,0.193974828,0.230743746,0.272224502,0.319587778,0.369854813,0.417337289,0.458224231,0.480371614,0.502742477,0.525421596,0.549552891,0.573115361,0.590275781,0.592031118,0.580818271,0.561461086,0.540359236,0.528210004,0.520056979,0.513438976,0.506919291,0.50020284,0.494353899,0.489414628,0.48615685,0.476011314,0.467795344,0.456654623,0.44810696,0.443045025,0.431026209,0.42213095,0.413734001,0.403541257,0.389872532,0.382801201,0.381611968,0.377227483,0.366140032,0.356217359,0.34614165,0.339163743,0.334890249,0.331502209,0.332998235,0.336949752,0.335086935,0.329706749,0.320004387,0.308852796,0.298599224,0.286967739,0.276005738,0.268769298,0.25336195,0.243882433,0.236417211,0.228750504,0.221589625,0.217364642,0.217118303,0.213346997,0.208326374,0.196050054,0.188506913,0.182603555,0.175662409,0.169472054,0.164980127,0.159636588,0.150664989,0.137380692,0.124622645,0.112275495,0.10031129,0.091266514,0.081647284,0.073775515,0.060070694,0.058284985,0.07768801,0.096459877,0.095469043,0.068650263,0.032281836,0.007551,0,0.013993353,0
5,fructose,0,0.001262864,0.002018081,0.005587517,0.008469534,0.011666172,0.011459304,0.012311311,0.011646966,0.010491594,0.01044398,0.008809359,0.009445037,0.0110317,0.012580505,0.014485528,0.018163504,0.023258058,0.028962958,0.037372095,0.044994025,0.053166586,0.059221943,0.066196697,0.069412646,0.070507817,0.071142042,0.070933192,0.070241992,0.068085639,0.065304459,0.062373174,0.058439887,0.054771063,0.051336667,0.047573274,0.045159267,0.041896609,0.040008382,0.038387044,0.035561396,0.03385491,0.029887654,0.026379033,0.023597767,0.020812671,0.017852873,0.015289781,0.013683176,0.009661156,0.007427275,0.004773163,0.002412815,0.001737923,0.000353958,0,0,0.000929165,0.003828261,0.006503477,0.008826691,0.011695704,0.016253384,0.021613014,0.028181579,0.034103194,0.038430811,0.042183733,0.047119164,0.052781538,0.06017537,0.064341767,0.068717553,0.073244936,0.080083919,0.08717005,0.094168395,0.097679426,0.09865769,0.099972365,0.101773165,0.102083742,0.097344033,0.08886732,0.07819971,0.069185527,0.061707771,0.054737467,0.04948203,0.045187628,0.043439244,0.040836411,0.037318201,0.034436855,0.032722597,0.030079093,0.02676204,0.022652791,0.019464395,0.016448041,0.012702188,0.009349481,0.007689134,0.006177371,0.005009601,0.003345408,0.002175411,0.001832131,0.002063,0.000928537,0,0,0.000129544,0.000271449,0,0,0.002482736,0.010586717,0.020009544,0.032045146,0.048936579,0.06560472,0.080385999,0.090456504,0.096297078,0.098575043,0.094832227,0.085176813,0.076483126,0.069733876,0.065103478,0.064458688,0.06841538,0.074362046,0.082608706,0.092872799,0.11418341,0.137027458,0.163444007,0.195606287,0.232083899,0.273439247,0.321593072,0.372231763,0.418000498,0.459807797,0.483362666,0.504135561,0.526858344,0.551327947,0.575206602,0.592662753,0.594313421,0.582399729,0.562194977,0.541642121,0.530715671,0.520987376,0.516076159,0.506759621,0.50176938,0.495755922,0.490877226,0.486111913,0.476122503,0.469597365,0.46017359,0.448944412,0.442657409,0.432574833,0.425407425,0.414667273,0.403787992,0.394741988,0.385123741,0.38219583,0.378897662,0.367635908,0.356777962,0.34827098,0.340620936,0.333442712,0.333019739,0.333070276,0.336990056,0.33471523,0.330024769,0.319951929,0.312157156,0.295398771,0.285811288,0.276494845,0.270183868,0.254869625,0.244676123,0.235273418,0.226703628,0.223218031,0.217555433,0.216384758,0.212626441,0.206220888,0.196527607,0.187635033,0.18147087,0.176293988,0.170894917,0.165629928,0.158696188,0.149164535,0.138548209,0.126475697,0.112983202,0.102318287,0.09109447,0.082807867,0.074277076,0.057375124,0.057597455,0.076699223,0.097516562,0.098303775,0.068291486,0.024522352,0.000544478,0,0,0
6,glucose,0,0.000704916,0.001792962,0.00526362,0.008235085,0.011636265,0.011121878,0.010862727,0.009240641,0.007588535,0.0063016,0.004855022,0.003431267,0.002620011,0.002940768,0.003389437,0.00412084,0.004128189,0.005007945,0.005944732,0.006722895,0.007985583,0.009608372,0.013083305,0.016441836,0.01853859,0.02157742,0.024459138,0.027148583,0.029152946,0.031092031,0.032440378,0.03362966,0.033758379,0.033660967,0.032693486,0.031878256,0.030984486,0.029717547,0.028010521,0.026596041,0.025638589,0.02372761,0.022102701,0.021153971,0.020341931,0.019267572,0.018214715,0.018054511,0.01588086,0.014772091,0.012452648,0.010781956,0.009008439,0.007794235,0.005643136,0.004023491,0.002278968,0.001348758,0.000371829,0,0,0.000612706,0.001894296,0.003131481,0.005072402,0.007763946,0.01115107,0.014977828,0.018189808,0.023646728,0.029411327,0.037730774,0.046472138,0.057164638,0.067764103,0.075092467,0.078165036,0.076707236,0.072431782,0.070775116,0.069880953,0.067693746,0.064220423,0.059707042,0.054645685,0.050017505,0.046027403,0.043733361,0.041810704,0.041500469,0.042057279,0.043323234,0.044018048,0.043933368,0.043134503,0.042996883,0.040489622,0.03640302,0.033154133,0.030198148,0.027106228,0.02346409,0.01951076,0.016703903,0.013904297,0.010478674,0.00744183,0.004866329,0.003835435,0.002402662,0.00063845,0,4.58E-05,0.000134041,6.32E-05,0,0.000868624,0.002692588,0.00423601,0.006522109,0.009290827,0.014433656,0.019739879,0.022989119,0.023949541,0.023548437,0.022006452,0.020336005,0.018764296,0.017400524,0.016863004,0.016706351,0.015826482,0.014318981,0.012509288,0.011404747,0.011950261,0.012792935,0.013649895,0.01552116,0.018245346,0.022579792,0.029342551,0.038169118,0.04893014,0.057743511,0.068074264,0.0807056,0.094624189,0.108906806,0.122686346,0.136913398,0.152381697,0.169198907,0.191215609,0.206202442,0.219671317,0.231322467,0.243354268,0.255271725,0.265813621,0.274324492,0.279807447,0.284896931,0.28928327,0.294499124,0.300030913,0.304249494,0.305680208,0.306136932,0.305870785,0.305163795,0.304217238,0.302309348,0.298538891,0.294612657,0.291096165,0.288599181,0.288148673,0.287271716,0.287986678,0.289431588,0.290976138,0.294738821,0.298264015,0.300677317,0.298610338,0.294570469,0.290554785,0.287067898,0.283480791,0.281983069,0.2770306,0.273453071,0.266526948,0.258385309,0.250073537,0.240157769,0.233522282,0.224681625,0.217679215,0.210203271,0.202204284,0.193000743,0.18486639,0.175346656,0.166490781,0.159743995,0.154335272,0.148267484,0.139432139,0.127087628,0.115201681,0.103681007,0.092048391,0.080823356,0.064920584,0.052925261,0.036874361,0.022184797,0.009751984,0.002116511,0,0.002501977,0,0.004136036,0
7,glucose,0,0.001470417,0.003831839,0.005985117,0.008739979,0.011599843,0.012171628,0.011000331,0.009636886,0.008469263,0.006748443,0.005141647,0.00400998,0.003199153,0.003352655,0.003637894,0.004755911,0.005034162,0.005472191,0.006260113,0.007219,0.008436827,0.010297259,0.013562235,0.016830309,0.019002854,0.021850413,0.024644734,0.0273779,0.029586019,0.031258903,0.032657485,0.033605161,0.033760292,0.033526268,0.032887737,0.032022581,0.030857158,0.029687041,0.028263073,0.026604766,0.025484192,0.023812582,0.022194994,0.021059939,0.020495623,0.019390691,0.018273266,0.017853617,0.016049471,0.014522392,0.012371982,0.010633134,0.008867085,0.007414318,0.005392426,0.003753364,0.002280495,0.001029429,0,0,0,0.000777831,0.002041161,0.003262834,0.00514287,0.007792378,0.011412281,0.014904692,0.01817577,0.023487766,0.029402525,0.037817852,0.046597115,0.057351375,0.067429674,0.074947528,0.077978375,0.076619489,0.072643393,0.070979372,0.069893581,0.067969261,0.06431288,0.059954251,0.054839797,0.049939336,0.045877238,0.043766671,0.041885672,0.041631612,0.042116215,0.043195354,0.044116798,0.043869981,0.043135468,0.042939409,0.040320096,0.036315757,0.033068787,0.030145999,0.026987018,0.023227403,0.019445579,0.016485674,0.013864409,0.010315298,0.007125127,0.004709425,0.003797625,0.002225757,0.000479949,0,0.000109577,0.000304601,0,0,0.000794262,0.00276443,0.004377631,0.006621638,0.009489575,0.014884195,0.020104195,0.023114791,0.024155333,0.024026728,0.022826619,0.021272506,0.019269597,0.017894918,0.017658295,0.017572414,0.016789046,0.015090465,0.013272331,0.012412023,0.013351376,0.014548032,0.015487188,0.016947465,0.019749007,0.024879199,0.031844718,0.040946706,0.051523622,0.060409696,0.070842558,0.083885585,0.098000338,0.112148592,0.125785199,0.140317178,0.155923821,0.172824693,0.19527025,0.209786999,0.222640635,0.234556661,0.246505116,0.258798031,0.269079374,0.277170316,0.282794201,0.287967866,0.291952971,0.297421816,0.302389393,0.307037304,0.308531977,0.309023152,0.308043513,0.308161358,0.306875481,0.304356865,0.301183697,0.296908503,0.292826931,0.290478074,0.290521346,0.290245906,0.29149549,0.291725409,0.293609447,0.297239216,0.301797982,0.302930994,0.301911,0.297983195,0.293467148,0.289056837,0.285210681,0.283327576,0.280088189,0.27631203,0.268994154,0.260847288,0.251699295,0.242450347,0.235357389,0.227113449,0.221200904,0.212137754,0.205497882,0.196736769,0.186738986,0.177479776,0.170246597,0.163555548,0.157485566,0.151359525,0.143110265,0.130525095,0.117753262,0.10628815,0.094066777,0.082738652,0.06943758,0.055806874,0.040174517,0.026824293,0.01019178,0.004299643,0,0.000684832,0.002537397,0,0
8,glucose,0,0.001340906,0.002726377,0.005905407,0.008447754,0.011044967,0.011690681,0.010651692,0.009426855,0.007866558,0.006582403,0.004845678,0.003733857,0.002731733,0.002652368,0.002654507,0.003532882,0.004022709,0.004413446,0.005225093,0.006150866,0.00797371,0.009520234,0.012716622,0.016094261,0.01853663,0.021485812,0.024065424,0.027142352,0.029053251,0.030812181,0.031967112,0.03302862,0.033434433,0.033292532,0.032279151,0.031535844,0.030544029,0.029148097,0.027945546,0.026254257,0.025161553,0.023487511,0.021763043,0.020750191,0.019967939,0.019089272,0.01801535,0.01783926,0.015488295,0.014334734,0.012033631,0.010408552,0.008695992,0.007235306,0.005384618,0.003915574,0.002446764,0.000971343,0.000129343,0,0,0.000891867,0.002053161,0.003524076,0.005496768,0.008293753,0.011672088,0.015188199,0.018412717,0.024004907,0.029814775,0.038111523,0.046873776,0.057574796,0.067838654,0.075268635,0.078389329,0.076916599,0.072886188,0.071317494,0.070406695,0.068162898,0.064640162,0.060107732,0.055313001,0.050478225,0.046352428,0.044038403,0.042358343,0.041735857,0.042194328,0.043646567,0.044372483,0.044139113,0.043275112,0.043373472,0.040483021,0.036318895,0.03331826,0.030310693,0.027055282,0.023335732,0.019474812,0.016837549,0.014080284,0.010341425,0.00712861,0.005006606,0.003813024,0.002249744,0.000525744,0,0.000251177,0.000235109,0,0,0.001110404,0.002858378,0.004466912,0.006787293,0.009365485,0.0150262,0.020231248,0.023403865,0.024146684,0.024211898,0.023058597,0.021220107,0.019555484,0.017901375,0.017893157,0.017792638,0.017043387,0.015116456,0.013551858,0.012602438,0.013519352,0.014537249,0.01567518,0.017167636,0.020081545,0.025163974,0.032187011,0.041417778,0.051754367,0.060626908,0.071264011,0.084239904,0.098801751,0.112812343,0.125986863,0.14071204,0.156300348,0.174181418,0.195814355,0.210094954,0.222927718,0.235240419,0.247403371,0.258990352,0.268970842,0.278074554,0.282291605,0.2881412,0.292850367,0.297439088,0.302614859,0.307450429,0.30802426,0.308531117,0.307458888,0.307821094,0.306661751,0.304045253,0.300679762,0.297153167,0.292932063,0.290740373,0.289709245,0.290683502,0.291012843,0.29114295,0.29271336,0.297149446,0.301324862,0.302311713,0.301726262,0.297439387,0.29320291,0.288694483,0.284941092,0.283386647,0.279571509,0.275485872,0.268762848,0.259908226,0.251132018,0.242946012,0.233900363,0.226878987,0.22069932,0.211521916,0.204739651,0.195057581,0.185863645,0.176295449,0.1688049,0.162310525,0.157155126,0.149637703,0.141659655,0.127965875,0.117713468,0.104747203,0.093597674,0.082137889,0.067463655,0.052220927,0.038407463,0.023446365,0.00886807,0.003532217,0,0.001891276,0,0.003657643,0
9,glucose,0,0.000578362,0.003256979,0.005710434,0.008409138,0.010963084,0.011406404,0.010409159,0.009285682,0.007306313,0.006173899,0.004298201,0.003214734,0.002414552,0.002547376,0.002930105,0.003513584,0.003648299,0.004376724,0.005067596,0.005970086,0.007422028,0.009331986,0.012702335,0.01580706,0.018168856,0.021282538,0.024020273,0.026884066,0.028943274,0.030694664,0.031766313,0.033011516,0.033146648,0.033218226,0.032004708,0.031270689,0.030036385,0.028857859,0.027578851,0.02619737,0.024973542,0.023113969,0.021857505,0.020763469,0.019862962,0.019139317,0.017811707,0.017530679,0.015352319,0.014093376,0.012003859,0.010389749,0.009034791,0.007087817,0.005545042,0.00389106,0.002392911,0.001051272,0.000182103,0,0,0.00070446,0.001760185,0.003302018,0.004993148,0.008001651,0.011410369,0.015139312,0.01827333,0.023735186,0.02946322,0.037672446,0.04671755,0.05741254,0.067893284,0.075276102,0.078427155,0.076894008,0.07266081,0.070987143,0.070167719,0.068066189,0.064539155,0.060110325,0.055080549,0.050216936,0.046291846,0.044235435,0.042177975,0.041716152,0.042149286,0.043462392,0.044053881,0.043994755,0.043273424,0.043092616,0.040398871,0.036015251,0.03301751,0.030160183,0.027092904,0.023021384,0.01946547,0.016888723,0.014109455,0.010301924,0.00710161,0.004905233,0.003849139,0.002259857,0.000653813,0,0.000408843,0.000125047,0,0,0.001273843,0.003265909,0.004715952,0.006958072,0.010170357,0.015724887,0.020938883,0.024071858,0.024838345,0.024884997,0.024024312,0.022444201,0.020303547,0.01915328,0.018987578,0.019064074,0.018272927,0.016696469,0.014996183,0.014338365,0.015416664,0.016524662,0.017193325,0.019043581,0.022077927,0.027426003,0.034849445,0.043676482,0.054271702,0.06327802,0.074193141,0.087364359,0.101771902,0.115689852,0.129473428,0.144016367,0.160186932,0.177524838,0.199212463,0.213801852,0.226575309,0.238424848,0.250801691,0.26302076,0.273424951,0.281771575,0.286179189,0.2913947,0.295670784,0.301193804,0.30667133,0.310784954,0.312071328,0.312076596,0.311642148,0.311426294,0.310662492,0.30840057,0.305270716,0.300616581,0.29734298,0.294980807,0.294921396,0.295417848,0.296046953,0.296304784,0.297942018,0.301788709,0.306220941,0.308293142,0.306731756,0.30268653,0.297536616,0.293085124,0.289128108,0.288539685,0.284293208,0.280602433,0.274194075,0.265105129,0.256458135,0.246306547,0.23986352,0.231747223,0.226212691,0.217737659,0.210601942,0.200616672,0.191081447,0.181891165,0.17513017,0.168829307,0.162636024,0.154866106,0.148594193,0.134204832,0.12262254,0.11127961,0.098384822,0.087861979,0.072156069,0.056753266,0.044947606,0.029672728,0.013680415,0.005144536,0,0.001216798,0.001847131,0.007234803,0
10,glucose,0,0,0.001998927,0.005793768,0.007655551,0.010863365,0.01145062,0.010481441,0.009108469,0.007009643,0.006294238,0.004147851,0.003185963,0.002344855,0.002434299,0.002289136,0.003188194,0.003573678,0.004105405,0.004908311,0.005784312,0.007695894,0.009081753,0.012387644,0.016088642,0.018167715,0.021354777,0.023824532,0.026813677,0.028811962,0.030716256,0.03159259,0.032951592,0.033008752,0.03280396,0.03182617,0.031169813,0.029889892,0.029120646,0.027699183,0.025919486,0.025050545,0.023181722,0.021433995,0.020398176,0.019763388,0.018974023,0.017918812,0.017504602,0.015405564,0.014062747,0.011819876,0.010311213,0.008651044,0.007046028,0.005222836,0.003891805,0.002421246,0.001143655,0.000187002,0,0,0.000466177,0.00164963,0.003323464,0.004929804,0.007828175,0.011280015,0.014842073,0.018066993,0.023679443,0.029312684,0.037782828,0.046635553,0.057342537,0.067716702,0.075006874,0.078414591,0.076601476,0.072612858,0.070965933,0.070110384,0.067959827,0.064288206,0.059992517,0.054832906,0.050324521,0.046071643,0.043983742,0.0420915,0.041416798,0.042034741,0.043492834,0.043970603,0.043532205,0.042986102,0.042898862,0.040225465,0.035957445,0.033002642,0.030057838,0.026813731,0.022854561,0.019177138,0.016684148,0.013657072,0.009939011,0.006854276,0.004881732,0.003711193,0.001957338,0.000120409,0,0.000172339,0.000290883,0,0,0.00148033,0.003154746,0.004721037,0.006957596,0.010171011,0.015764296,0.021099355,0.024079881,0.024904988,0.025219091,0.02450361,0.022686687,0.020687535,0.019291568,0.019567137,0.019398861,0.018820816,0.016924649,0.015389408,0.014750943,0.015761742,0.017148281,0.01808857,0.019464112,0.022808467,0.028055235,0.035575808,0.044701801,0.055068041,0.064107145,0.075424125,0.088527932,0.102625285,0.116973065,0.130508252,0.145037117,0.160857654,0.178443238,0.200647076,0.214946829,0.228144474,0.239526387,0.252323502,0.263769455,0.274455257,0.282557145,0.286873196,0.292040113,0.296821314,0.302650457,0.307375287,0.311633768,0.312616492,0.31250068,0.312632982,0.31259302,0.312236927,0.30919551,0.30558656,0.301994609,0.297390316,0.29612683,0.29542405,0.296153253,0.296432376,0.296279155,0.29922635,0.303036618,0.307210317,0.308701668,0.306544427,0.303368264,0.298337914,0.294412549,0.290203742,0.289705893,0.285753786,0.281401281,0.275076067,0.265612123,0.256042101,0.246960193,0.240084222,0.232707846,0.226445627,0.219203769,0.210468736,0.20298627,0.192383739,0.182840661,0.176281136,0.168547055,0.164616139,0.156587424,0.147907199,0.1344979,0.122823916,0.111148019,0.098833782,0.087284307,0.07228131,0.057298462,0.043114262,0.027428058,0.011322999,0.003236388,0,0.001595934,0,0.010299577,0
11,maltose,0,0.002125116,0.003875027,0.008874499,0.014528794,0.022307358,0.028177099,0.031116572,0.030540019,0.028636627,0.025983063,0.023657282,0.022086953,0.022819097,0.023655605,0.024697964,0.026026088,0.027652565,0.028961545,0.030832154,0.031860313,0.033791336,0.035157469,0.037691096,0.038916666,0.039799941,0.041436806,0.042074547,0.043701004,0.044428211,0.045834166,0.047051115,0.048979447,0.050042076,0.051336524,0.051616928,0.052836303,0.053973334,0.054185545,0.055013342,0.055333415,0.056128886,0.056777679,0.056840729,0.057805736,0.058084976,0.058939261,0.058870611,0.060006145,0.059620106,0.060440598,0.060436169,0.061013354,0.061240498,0.061915727,0.061809026,0.062295765,0.062595847,0.063088718,0.063259692,0.064497371,0.065038,0.0659097,0.066875609,0.068059322,0.069665968,0.07170867,0.073895205,0.076086155,0.07799057,0.080086426,0.081977474,0.085124351,0.08678026,0.08916604,0.092526912,0.09588251,0.099689745,0.103096447,0.108016773,0.110771063,0.111403666,0.110746699,0.109105991,0.106671123,0.10416101,0.103657744,0.103155665,0.103332067,0.103737687,0.104243851,0.104857444,0.105535635,0.106372401,0.107468501,0.108361766,0.110062782,0.109864613,0.111103753,0.111697695,0.111582127,0.112049228,0.112660534,0.113255202,0.113693569,0.113843892,0.114559895,0.115626286,0.116279553,0.116846862,0.117792304,0.118791924,0.119986272,0.120566364,0.121272555,0.122502298,0.123759622,0.12568223,0.127022354,0.128442708,0.131693097,0.133748968,0.135816758,0.137052,0.138107641,0.140211598,0.142793351,0.145652474,0.147351672,0.149956931,0.15356774,0.155825286,0.156066834,0.154960615,0.155728716,0.157636825,0.161182473,0.163333258,0.164794316,0.166146895,0.168908074,0.171522084,0.173559151,0.175483938,0.178654786,0.182687908,0.186503067,0.190597843,0.19432595,0.19830491,0.202481977,0.207218702,0.212472679,0.21732174,0.220838401,0.2242272,0.226759465,0.230155331,0.233032416,0.234882168,0.236043658,0.235949913,0.236521644,0.238460281,0.241789089,0.242846555,0.243206681,0.243083469,0.244279139,0.245700622,0.247747159,0.249198279,0.250177975,0.249387011,0.250037344,0.25157608,0.252721072,0.252969085,0.252517183,0.251699213,0.250667166,0.250672741,0.250851006,0.251898788,0.252706352,0.252897412,0.25205495,0.251707902,0.250964243,0.250989227,0.251607831,0.252414141,0.253057337,0.250627263,0.248944982,0.248114344,0.248063663,0.248439199,0.249144988,0.249007388,0.248853831,0.24662768,0.244513841,0.244138222,0.244371407,0.246466288,0.246814814,0.246187083,0.244068051,0.242497904,0.239669409,0.238086402,0.237430877,0.232941578,0.228692444,0.21753389,0.201096663,0.176706841,0.146125833,0.114667038,0.080832131,0.042806263,0.020778312,0.003159783,0.002745858,0,0.000447784,0
12,maltose,0,0.000456487,0.004295805,0.009046201,0.01553761,0.022891208,0.027597698,0.031469511,0.030971669,0.028245577,0.025936821,0.024034349,0.023221971,0.023034834,0.023975308,0.025572285,0.02751658,0.028253003,0.029552463,0.031012516,0.032802074,0.034172708,0.035416934,0.038136925,0.040013527,0.040446254,0.041567956,0.042815248,0.044470105,0.045048214,0.046357717,0.047421473,0.049208159,0.050217815,0.051485094,0.052215068,0.053293977,0.054246631,0.054967435,0.055562728,0.055758663,0.056490346,0.057154496,0.057308407,0.058062413,0.058477474,0.059051154,0.059212965,0.060689179,0.059514472,0.06025439,0.060688339,0.060799662,0.060876906,0.061416522,0.061656041,0.062510696,0.062491872,0.063031568,0.063586755,0.064162913,0.065052537,0.065959573,0.066893207,0.068163439,0.069946202,0.071867153,0.073874856,0.076234932,0.077728729,0.079992054,0.082064695,0.085388225,0.086970152,0.089083837,0.092021116,0.095545275,0.099662079,0.10302983,0.107713633,0.11056414,0.111427903,0.110480578,0.108879455,0.106251707,0.104152014,0.103445186,0.102961395,0.103096831,0.103622517,0.10429731,0.104974176,0.105236064,0.106100658,0.107087039,0.108440041,0.109787976,0.109540565,0.110703316,0.111482292,0.111181669,0.111795509,0.112413439,0.112953889,0.113306188,0.11353658,0.114304141,0.115310441,0.115819795,0.11632919,0.117326323,0.11853084,0.119392875,0.120096914,0.120976876,0.121995601,0.123544874,0.125365507,0.126770775,0.128231949,0.131166033,0.133473554,0.135390193,0.136632537,0.137730152,0.139959482,0.142518982,0.145260906,0.146719116,0.149676296,0.153215119,0.155844798,0.155242384,0.154869706,0.155080611,0.15751059,0.160900785,0.162812528,0.164241472,0.165783894,0.168357487,0.170871377,0.172988955,0.175090603,0.178239184,0.182455085,0.186115134,0.190357406,0.194027205,0.198004944,0.202264341,0.207130131,0.212590194,0.217279517,0.220788469,0.22409394,0.226451759,0.229501452,0.232816052,0.234949083,0.23511377,0.235208252,0.236355138,0.237971585,0.241044788,0.242405825,0.242458875,0.242348622,0.243955438,0.245409695,0.247657981,0.24890315,0.249575153,0.248824936,0.249778055,0.250900154,0.252207385,0.252220336,0.252195859,0.251166906,0.249754461,0.250203064,0.250439145,0.251880056,0.252252985,0.252253802,0.25187561,0.250799671,0.250083693,0.25038369,0.251311882,0.251856996,0.252633663,0.24976491,0.247949153,0.247210988,0.247096655,0.248059358,0.24897439,0.249008242,0.248048938,0.246314564,0.244134951,0.243403808,0.244278694,0.245726772,0.245840832,0.245319453,0.243035505,0.241316017,0.239143292,0.237405371,0.236590284,0.232018896,0.227411518,0.216346617,0.199874981,0.175841972,0.146049644,0.113652837,0.079563331,0.04203312,0.019164568,0.003307725,0.001089135,0,0.001352172,0
13,maltose,0,0.001916042,0.002135166,0.00730238,0.014616012,0.021175317,0.027234958,0.030768767,0.030223996,0.027930101,0.025284641,0.023180284,0.022128462,0.022101475,0.023644507,0.024523331,0.025798355,0.027058646,0.02861922,0.030420176,0.031655833,0.03373709,0.034853907,0.036758136,0.039389008,0.039603555,0.041149178,0.041639391,0.043559864,0.044696138,0.045836633,0.046721305,0.048577098,0.049930941,0.050574207,0.051638044,0.052548166,0.053391062,0.054054078,0.054370689,0.055193154,0.056354329,0.05663398,0.056788121,0.057249126,0.058082742,0.058377014,0.058884914,0.05973003,0.059241783,0.059637931,0.060196152,0.060350336,0.060704671,0.061096687,0.061497719,0.061704647,0.061927523,0.062499927,0.06292942,0.063653787,0.064436755,0.065413146,0.066985347,0.067647145,0.069316365,0.071312885,0.073378962,0.075591783,0.077414332,0.079089108,0.081377974,0.084585103,0.086273031,0.088461678,0.091722411,0.095469566,0.099131673,0.10220814,0.107584649,0.110129025,0.111096009,0.110204715,0.108051509,0.105951599,0.103578999,0.103045284,0.102695749,0.10286936,0.103006312,0.103774198,0.104433497,0.105026777,0.105847988,0.106956289,0.108021314,0.109151114,0.109253764,0.110510299,0.111077648,0.111111467,0.111355595,0.112116496,0.112668125,0.112948022,0.113088878,0.113874568,0.114891807,0.115734204,0.116233613,0.117210937,0.118388754,0.119208234,0.119875627,0.1206139,0.122097067,0.123393299,0.125171367,0.126439815,0.127842327,0.131077448,0.13325164,0.135469164,0.136570022,0.138096962,0.139735827,0.14227715,0.145077623,0.14642003,0.149516683,0.15315303,0.155659451,0.155538116,0.154553585,0.155016192,0.157229645,0.160836579,0.163049673,0.164198828,0.165864609,0.168402845,0.170920561,0.173328436,0.175193303,0.178582252,0.182624155,0.186487433,0.190538561,0.194465779,0.198189551,0.202355776,0.20727147,0.212975697,0.217566478,0.22094473,0.224409184,0.226780542,0.229921082,0.233057325,0.235327959,0.235224619,0.235477914,0.236664858,0.238572958,0.241621912,0.242847448,0.242601163,0.242551047,0.244145104,0.245853532,0.24791765,0.249314198,0.249741398,0.249179663,0.249992935,0.251372988,0.25280905,0.253057618,0.252277966,0.251366068,0.250252061,0.250413449,0.250840456,0.25159511,0.252952943,0.252421287,0.25182297,0.251054488,0.25046119,0.251384776,0.251986896,0.252646913,0.2532813,0.249837134,0.248426016,0.247945263,0.2479797,0.248760978,0.249035578,0.24945892,0.248082932,0.246208763,0.244014945,0.244083801,0.245554195,0.246922261,0.246890335,0.245820029,0.243431513,0.2414291,0.239737179,0.237184361,0.236150858,0.234093053,0.22839563,0.216232106,0.201005716,0.175584182,0.146522126,0.115424113,0.081704606,0.044502337,0.020628266,0.004833965,0,0,0.001101222,0
14,maltose,0,0.000191297,0.004741056,0.009707617,0.014545114,0.022332765,0.028424331,0.030677583,0.031345202,0.027978776,0.0255281,0.023242003,0.022005527,0.022658888,0.023244353,0.024334696,0.026414441,0.026881762,0.028578589,0.030515721,0.031926507,0.033482952,0.034682547,0.037033981,0.039174943,0.039854312,0.041395887,0.042162443,0.043413629,0.044871016,0.045568222,0.046832127,0.048602018,0.049772314,0.050610938,0.051165012,0.052888451,0.053460544,0.054202604,0.05481748,0.055104998,0.056126102,0.056567492,0.056728777,0.057091894,0.057954801,0.058656868,0.058806985,0.059665995,0.059388941,0.059899849,0.05983332,0.060378605,0.060535402,0.060868899,0.061021369,0.06166236,0.062043751,0.062399682,0.062878197,0.063554433,0.064003555,0.065579325,0.066523856,0.067605893,0.069080217,0.070799835,0.072942812,0.075382084,0.076942025,0.079200418,0.081268101,0.084238434,0.085773664,0.088489275,0.091797992,0.095263214,0.098642198,0.102341051,0.106924103,0.109804985,0.110670092,0.110096744,0.107823886,0.105694765,0.103248328,0.102753107,0.102577856,0.102505842,0.102773544,0.103627827,0.104176578,0.104597606,0.10538254,0.106432023,0.107784291,0.108863351,0.10884296,0.110122355,0.110970253,0.110797739,0.111050736,0.111985266,0.112344783,0.112953779,0.112785493,0.11359093,0.114757377,0.11550063,0.116021566,0.116925638,0.118072462,0.119002285,0.119462022,0.120385647,0.12178907,0.122997319,0.124843051,0.126076609,0.127717633,0.130906356,0.133048764,0.135012503,0.136010935,0.137522086,0.139519933,0.142231012,0.144714014,0.146450679,0.149341456,0.153010011,0.155292343,0.154941734,0.154358948,0.154849683,0.157057142,0.160395156,0.162690465,0.163973635,0.165612156,0.167922087,0.170585868,0.17272597,0.175036804,0.178349657,0.182294146,0.186199704,0.190251207,0.194139417,0.197990305,0.202256259,0.207469931,0.212673131,0.217254045,0.220646193,0.223674328,0.226462518,0.229757277,0.232797839,0.234893825,0.235204444,0.235436657,0.236388837,0.238376426,0.241603182,0.242410722,0.242490825,0.242346428,0.243925305,0.245492441,0.247590626,0.248985933,0.249108566,0.248753827,0.249527545,0.251292032,0.252452404,0.25280234,0.252102181,0.251098582,0.24984828,0.249932574,0.250831457,0.251839583,0.252589056,0.252352471,0.251233975,0.25054109,0.25039531,0.250536308,0.251620159,0.252769381,0.252198429,0.249245467,0.248138187,0.247378235,0.247627371,0.248402618,0.248999369,0.249570505,0.247253748,0.246544136,0.243823141,0.24356441,0.244909984,0.246269096,0.24567025,0.245856373,0.243535036,0.240848449,0.239133047,0.237358258,0.236877697,0.233172089,0.227423889,0.216148645,0.200935731,0.175703468,0.146027966,0.115113976,0.080846095,0.04247837,0.020993844,0.00368482,0,0,0,0
15,maltose,0,0.001581578,0.006040085,0.010350823,0.016376,0.023810196,0.029305843,0.032335486,0.032171923,0.029600427,0.027236657,0.024956242,0.024440198,0.024412879,0.025002808,0.026602476,0.027924557,0.029153645,0.030464441,0.032274691,0.03380235,0.035255992,0.036675955,0.038788691,0.041057468,0.04152132,0.042880776,0.043776441,0.045314228,0.046826297,0.047864121,0.048667011,0.05047645,0.05146308,0.052316743,0.052975655,0.054188093,0.055066863,0.055805152,0.056186502,0.056559792,0.057565372,0.058106226,0.058253807,0.058997969,0.05930917,0.060097557,0.060227918,0.0614741,0.060578652,0.061389716,0.061554446,0.061704548,0.062216446,0.062545354,0.062528425,0.063017664,0.063126964,0.063330567,0.064143182,0.06513729,0.065774821,0.066990379,0.067827414,0.068889635,0.070443935,0.072502226,0.074238003,0.076504704,0.078233863,0.080549324,0.082575785,0.085584177,0.087257905,0.089578064,0.093122416,0.096305904,0.099990311,0.103516706,0.108433761,0.110893906,0.111659669,0.111061114,0.10908979,0.10700783,0.104641186,0.103897511,0.103664999,0.103560431,0.103940417,0.104596,0.105340233,0.105686186,0.106508199,0.107373981,0.108765009,0.110198319,0.110017679,0.111310434,0.111855343,0.111615617,0.112157304,0.112717981,0.113477789,0.113718024,0.113848339,0.114821644,0.115673926,0.116428127,0.116828385,0.117732125,0.11903123,0.119901323,0.120612469,0.12125993,0.122542601,0.123936599,0.125818751,0.126925662,0.128554493,0.131684562,0.133883533,0.136042005,0.136971352,0.138204599,0.140575281,0.143008187,0.145481529,0.147103839,0.150199489,0.153665781,0.156134812,0.15585326,0.154853822,0.15584294,0.157978122,0.161063205,0.163207493,0.16456801,0.166544346,0.168755085,0.171497234,0.173579269,0.175603797,0.179010371,0.18310951,0.187117455,0.191157329,0.195222542,0.198728565,0.203048007,0.208147021,0.213539427,0.218373916,0.221673607,0.224773929,0.22723685,0.230728706,0.233815798,0.235620298,0.236127419,0.23582687,0.237437818,0.239192621,0.242085315,0.243093287,0.242963704,0.243048764,0.244543551,0.246593515,0.248552451,0.24961458,0.250031732,0.249550239,0.250505669,0.251971203,0.252633137,0.252821898,0.252841279,0.251519292,0.250649699,0.250744974,0.251126259,0.252306375,0.25296228,0.252571387,0.251665208,0.251321353,0.250678319,0.251400117,0.252620217,0.252745652,0.253272196,0.250145454,0.248767753,0.247807257,0.2481782,0.248869669,0.249569142,0.249559625,0.248040464,0.246493964,0.244496348,0.244699789,0.245479008,0.246561824,0.246565455,0.245818927,0.244391606,0.241917458,0.239227941,0.239049043,0.236358045,0.234141188,0.22752861,0.216936795,0.200286389,0.175724586,0.147005456,0.115367626,0.081814452,0.042626276,0.023135596,0.005994908,0,0,0.000348084,0
16,sucrose,0,0.00213277,0.003725585,0.008812904,0.013107386,0.01899397,0.022360847,0.022080914,0.01858734,0.01389707,0.009154909,0.006210693,0.004174058,0.004330104,0.005703997,0.008715556,0.01470733,0.025065939,0.040365747,0.05802353,0.069380539,0.0681369,0.058885529,0.047991725,0.045110739,0.043995794,0.044753076,0.045900732,0.046981068,0.047040979,0.047098303,0.046639238,0.045625583,0.044067815,0.0423189,0.039988698,0.038334627,0.036929492,0.035310919,0.034007584,0.032206815,0.031049402,0.028167102,0.026563185,0.024589485,0.022971608,0.021314535,0.018958,0.017157251,0.013663066,0.011894245,0.008178774,0.005454322,0.003683031,0.002083124,0.000619334,0,0,0.000728049,0.002512401,0.005142013,0.007972218,0.010644501,0.014212026,0.020781083,0.029627256,0.04092166,0.051175979,0.058467881,0.065526689,0.075846576,0.084828242,0.093674339,0.101438969,0.110458188,0.118373001,0.120936603,0.11940879,0.11729597,0.115059319,0.112578023,0.107709188,0.101009608,0.092611541,0.084597602,0.075849452,0.06875729,0.064577774,0.063682528,0.061698082,0.059878092,0.057399713,0.054145065,0.051310449,0.050246217,0.050312565,0.050936432,0.048939672,0.046043473,0.040718066,0.034208288,0.028916275,0.023050784,0.016578546,0.011455796,0.007880792,0.004664284,0.001841165,0.000323703,0.000606076,0.000390654,0,0.001565314,0.005508374,0.009836846,0.01537725,0.023493965,0.038902049,0.052307661,0.066358582,0.082656731,0.09802476,0.112160523,0.123635142,0.134538964,0.143941538,0.148535172,0.144040437,0.137924042,0.135185868,0.135344565,0.137085138,0.139355419,0.144431919,0.153984518,0.168668163,0.199045309,0.232125718,0.274916422,0.324915534,0.379838269,0.443275392,0.526323351,0.61276716,0.668147642,0.643319372,0.592502289,0.548733198,0.523837039,0.515139707,0.514420664,0.520855571,0.533302259,0.544636651,0.558460228,0.570281743,0.577269316,0.582582107,0.589578392,0.593945675,0.596692126,0.597450987,0.597771837,0.598772924,0.60042255,0.597573306,0.59304373,0.589123614,0.589639258,0.58731822,0.585105159,0.581750979,0.575464451,0.568118334,0.558327016,0.55397883,0.550942596,0.547195322,0.543117325,0.540644042,0.541410268,0.544898294,0.550661072,0.555955067,0.555804062,0.555722489,0.557534768,0.56013011,0.560253459,0.559226047,0.548220872,0.537197109,0.527461076,0.508081934,0.495275722,0.476499616,0.460518284,0.446169709,0.431463874,0.416855112,0.40354969,0.3896158,0.370475277,0.356475653,0.341120084,0.329458608,0.321280918,0.315190845,0.306989371,0.296569906,0.288511772,0.277407088,0.263508794,0.252006998,0.241098049,0.225695448,0.206235499,0.179789247,0.150121077,0.122121164,0.101474028,0.09761478,0.101729358,0.081417883,0.054323887,0.018752887,0,0
17,sucrose,0,0.002115916,0.006184058,0.008924846,0.014574337,0.01893722,0.022637474,0.022339567,0.018638214,0.013603707,0.009661143,0.006616245,0.005139744,0.004901741,0.006231221,0.009054588,0.015792493,0.025658564,0.040772557,0.058153829,0.069296859,0.068664057,0.059179151,0.048099057,0.045816695,0.044367934,0.045325103,0.046331031,0.047552841,0.047500373,0.047466132,0.047146184,0.04584183,0.044443635,0.043035055,0.040941327,0.039285126,0.03721906,0.035583743,0.034186986,0.032842981,0.030917589,0.028462797,0.026594134,0.024384119,0.023269264,0.021466238,0.01866794,0.016670085,0.013430907,0.010910864,0.007591411,0.005752251,0.003703215,0.001847828,0.000342704,0.000236629,0,0.000871595,0.002800296,0.005220599,0.008118577,0.011089824,0.014349604,0.020338525,0.029786961,0.041170158,0.051126304,0.058828206,0.065702953,0.076141956,0.084379495,0.09397201,0.101662399,0.110004164,0.117979933,0.120886871,0.119511501,0.117193932,0.115569414,0.112629667,0.108015313,0.101400356,0.09292943,0.084821928,0.07622577,0.068985048,0.064954058,0.063881652,0.061841123,0.059990916,0.057201841,0.053959794,0.051472097,0.050299729,0.050443838,0.050945978,0.049442314,0.046199025,0.040608601,0.034296704,0.028604325,0.023049964,0.016794734,0.011331585,0.007908357,0.004550062,0.001696271,0.000240699,0.000261866,0,0,0.001632198,0.005295254,0.009080386,0.015402107,0.023625932,0.039127373,0.052262708,0.066188056,0.082462198,0.098399333,0.112344041,0.123829995,0.134849689,0.144251804,0.148570607,0.143991483,0.137870293,0.134485565,0.135708974,0.137318946,0.13992102,0.144617052,0.154699333,0.169650123,0.199325213,0.233335793,0.276626284,0.327003519,0.381468318,0.444774918,0.527714316,0.612924913,0.666686769,0.644948564,0.593948292,0.552093997,0.52574985,0.516583109,0.516831594,0.524524582,0.533572553,0.546935837,0.560087329,0.571226247,0.578087167,0.584203702,0.58913219,0.595110529,0.596961566,0.598406935,0.597924892,0.598356655,0.598593741,0.596528163,0.593642183,0.590053121,0.58990285,0.587103171,0.586350717,0.581309202,0.573841352,0.567255631,0.558481084,0.555333811,0.549900897,0.546741507,0.543389724,0.540817802,0.540151007,0.546306356,0.551995907,0.555338947,0.55451295,0.554319246,0.556852168,0.56060228,0.560578775,0.55722218,0.551128282,0.539539157,0.528875516,0.508417014,0.492580351,0.478475572,0.460388037,0.442755746,0.430170767,0.415725474,0.402971303,0.393432652,0.369823943,0.356373753,0.343134121,0.331892716,0.323651194,0.314885458,0.307789879,0.302567432,0.290264045,0.279203223,0.264976687,0.255933879,0.242619129,0.225022346,0.211343178,0.181368899,0.150084461,0.123480797,0.103142563,0.101881357,0.102482122,0.086600466,0.049020874,0.016753419,0.003235226,0
18,sucrose,0,0.001642439,0.005898864,0.010229712,0.014783142,0.019310876,0.022852199,0.022743863,0.019040019,0.013849505,0.009536405,0.005906463,0.004594749,0.004948111,0.006227829,0.009648275,0.016363298,0.025834577,0.041193073,0.058741013,0.069535426,0.068951064,0.059487114,0.048515329,0.046065408,0.044804447,0.045533037,0.046001426,0.047290767,0.047308051,0.047728198,0.046989827,0.046111175,0.044486231,0.042893479,0.040899047,0.039282433,0.03724322,0.035905778,0.033667998,0.032429811,0.030937261,0.028864106,0.026300149,0.024631882,0.022704852,0.021158896,0.018470145,0.017279368,0.0136729,0.011428069,0.00790045,0.005760784,0.003789074,0.002104083,0.000839154,0,0,0.000491236,0.002157725,0.005011824,0.00788132,0.010808309,0.01408328,0.020170254,0.029520148,0.040326959,0.04999369,0.058352771,0.064840277,0.0751182,0.083903654,0.093235318,0.100856861,0.109517374,0.117704996,0.120160398,0.119035066,0.117063522,0.115017088,0.112117581,0.107912106,0.100967318,0.092712986,0.084613542,0.076072929,0.068729866,0.065209612,0.063866372,0.061944004,0.059888044,0.057584582,0.053806085,0.051065929,0.050324952,0.050433226,0.050618734,0.049154233,0.045968812,0.04079663,0.034183316,0.028643637,0.022823322,0.016709098,0.011404531,0.008047002,0.004554919,0.001970653,0.000219343,0.000263525,0.000146172,0,0.001517927,0.0053417,0.009543179,0.015241685,0.023583837,0.039132362,0.052234632,0.066248217,0.082972068,0.098121097,0.112143804,0.123515648,0.134968317,0.144525897,0.148335735,0.143981455,0.137884656,0.134750712,0.135371525,0.137026814,0.139312871,0.144680616,0.153810897,0.169287135,0.200248241,0.23332351,0.276426812,0.326501572,0.381162936,0.446307797,0.526791551,0.613948139,0.667447748,0.643691421,0.593504047,0.549980815,0.525262036,0.516807495,0.516109542,0.523680472,0.533990037,0.54715382,0.558426679,0.570065679,0.577311904,0.583847818,0.588517073,0.592824583,0.596323475,0.596182293,0.595645941,0.597216795,0.595919646,0.59356528,0.590506362,0.58754895,0.587752787,0.585029855,0.581936766,0.577793578,0.572570117,0.562807958,0.555208231,0.550577875,0.546761293,0.543640168,0.538275623,0.538204485,0.537952271,0.542906923,0.546489171,0.552875247,0.55103561,0.552732743,0.554405343,0.557010582,0.557690112,0.554024725,0.544122024,0.532011849,0.523639288,0.503374008,0.489436294,0.473412917,0.4565549,0.441530254,0.425683397,0.412986454,0.403026593,0.386901714,0.368997664,0.352826032,0.338386902,0.328480596,0.31861298,0.313785623,0.304138217,0.296448525,0.284792338,0.276474465,0.262428192,0.2502676,0.240112831,0.225208543,0.206605586,0.175552491,0.146640042,0.11971518,0.104216061,0.09671212,0.10226763,0.077001176,0.045493358,0.023666802,0,0
19,sucrose,0,0,0.006522367,0.01039791,0.014929859,0.019085663,0.022543089,0.022205587,0.018343999,0.013790191,0.008589999,0.006296553,0.004359746,0.004340438,0.005787537,0.009246449,0.015834173,0.025848523,0.040951441,0.058431702,0.069021059,0.069229475,0.059489892,0.048834073,0.045681733,0.044777813,0.045844492,0.046308093,0.046983806,0.04751063,0.047356499,0.046765678,0.045366501,0.043881368,0.042315741,0.04007023,0.038545955,0.036575544,0.03499668,0.033232561,0.031466869,0.030465336,0.027826431,0.026176118,0.02397041,0.022601372,0.020985246,0.018192462,0.016976286,0.013425803,0.010965305,0.007736153,0.005573314,0.00371378,0.002068422,0.000965764,0.00022072,0,0.000670474,0.002778378,0.005194493,0.008169132,0.011126874,0.014166177,0.020438267,0.029318281,0.040583609,0.050498881,0.058136027,0.065136379,0.075268911,0.083996028,0.093066451,0.100530671,0.109928378,0.117528655,0.120286203,0.119066537,0.11720155,0.115355817,0.112773944,0.108346377,0.101409829,0.092948266,0.084862988,0.076059189,0.069005322,0.065417537,0.064208729,0.061986974,0.060039135,0.05743866,0.054204592,0.050941456,0.050077203,0.050322556,0.050678864,0.049037498,0.045817121,0.040291893,0.033826265,0.028558439,0.022681756,0.016374441,0.011328547,0.007899288,0.004605964,0.002014152,0.000404809,0.000302114,0,0,0.001560733,0.005204276,0.009502726,0.015131526,0.02382687,0.039266304,0.052351701,0.066480717,0.082985061,0.098704939,0.112507382,0.123925309,0.13494929,0.144401989,0.148982482,0.143859228,0.138106355,0.135051572,0.135548787,0.137842225,0.139823616,0.144716844,0.154510666,0.169492613,0.200313724,0.233593183,0.277137318,0.32690478,0.381200013,0.446082555,0.527265642,0.61100487,0.665817759,0.642093693,0.593280317,0.549618799,0.524998144,0.515864069,0.515729083,0.523319124,0.533211114,0.546084663,0.557749764,0.569228129,0.575521068,0.580705722,0.587796862,0.591178351,0.594909471,0.594203535,0.594105886,0.595014442,0.595547866,0.591802909,0.588606389,0.586032586,0.586618706,0.582075273,0.582455411,0.577580866,0.570563176,0.562406199,0.554617474,0.549978408,0.546140585,0.543007546,0.538320056,0.535892246,0.537327588,0.540192022,0.547556353,0.551950358,0.551559747,0.551172278,0.552262374,0.557194324,0.556661061,0.554446846,0.544020629,0.534259134,0.525680473,0.504185059,0.488550447,0.474599267,0.458729461,0.442321443,0.425134483,0.414287233,0.399188595,0.389160243,0.369296253,0.353773835,0.33773495,0.327309809,0.320041835,0.313030175,0.304443376,0.296764899,0.286216971,0.276459993,0.259777952,0.250691214,0.238893729,0.222352791,0.205047349,0.176045829,0.146144352,0.118191233,0.104549803,0.101234644,0.095517177,0.081902999,0.052063177,0.019627009,0.007411472,0
20,sucrose,0,0.002434257,0.006240281,0.012059448,0.014747215,0.020931908,0.023526075,0.022880983,0.018776735,0.013300902,0.009633064,0.005918349,0.005068852,0.004891868,0.006217654,0.009804703,0.015937675,0.025929575,0.040948835,0.057988556,0.069825428,0.068788786,0.059440258,0.048558528,0.045804142,0.044795188,0.045661263,0.046198601,0.047158597,0.047545609,0.047171924,0.04673477,0.045609419,0.043596483,0.041905485,0.040154747,0.038432919,0.037193175,0.034989601,0.03349279,0.031805951,0.030449518,0.028012621,0.026150221,0.024389357,0.022821471,0.020671892,0.018387896,0.017242609,0.014185369,0.011347397,0.008183658,0.005754988,0.003766909,0.002139667,0.000501788,0,0,0.000200447,0.002344479,0.004823389,0.007656426,0.01034921,0.013872,0.020126961,0.029248466,0.040010997,0.049945738,0.058014893,0.064784831,0.075123219,0.083789876,0.09279839,0.100784609,0.109589235,0.117353471,0.120043107,0.118819425,0.116910211,0.11502763,0.112309253,0.108017192,0.101401398,0.09336316,0.084908702,0.076145212,0.069247721,0.065274088,0.063966973,0.061857326,0.059860254,0.057292972,0.053801437,0.051000315,0.050192428,0.050137758,0.050977179,0.049149316,0.045527619,0.040293314,0.033869926,0.028555773,0.022399315,0.016054174,0.011260106,0.007760859,0.004254919,0.001982502,4.48E-05,0.000319912,0,0.000214821,0.001436929,0.005295485,0.0094826,0.01546281,0.023503525,0.039310165,0.052254011,0.066149958,0.082890281,0.098553642,0.112523152,0.124107222,0.135170952,0.144640931,0.148840006,0.143777607,0.138413755,0.13540515,0.135873573,0.137599317,0.140085443,0.145502912,0.154588155,0.17005129,0.201113715,0.234373121,0.277842707,0.327800013,0.38156159,0.446188503,0.528276883,0.614672813,0.667484338,0.643170731,0.595687443,0.552901429,0.526884531,0.518117023,0.517442067,0.524598877,0.535482609,0.546578,0.558459935,0.571398795,0.577533455,0.581787312,0.588829983,0.592563673,0.595597109,0.59758942,0.596272408,0.59630606,0.596983185,0.593338181,0.590534862,0.587569898,0.58720466,0.584720582,0.582306404,0.576746171,0.571207854,0.564394929,0.556543701,0.551648422,0.547147914,0.544857252,0.541005818,0.536902693,0.538104628,0.543244283,0.547777971,0.552424612,0.553116917,0.553039785,0.554990036,0.559393362,0.558473942,0.552426914,0.544466702,0.534568822,0.524980831,0.5056316,0.490468061,0.474974923,0.458920524,0.442196797,0.42922046,0.417895514,0.401119085,0.390167658,0.36836772,0.353456952,0.341233656,0.329485704,0.322665099,0.316349235,0.308492394,0.298307916,0.289432189,0.277052196,0.262573909,0.253157951,0.240047521,0.225522335,0.207047419,0.177087083,0.15091627,0.123304568,0.099923456,0.10283008,0.09854272,0.080151373,0.049708635,0.018550534,0.0036427,0
21,lactose,-0.05322871,-0.05500513,-0.05425162,-0.05221573,-0.0504402,-0.04870347,-0.04618708,-0.04446964,-0.04351386,-0.04374196,-0.04404047,-0.04419034,-0.04476802,-0.0454583,-0.04561493,-0.04530757,-0.04451877,-0.04372721,-0.04264041,-0.04172998,-0.04075677,-0.03957611,-0.03837122,-0.03709656,-0.03567584,-0.0346069,-0.03307155,-0.03148792,-0.03078959,-0.03032228,-0.02962125,-0.02876062,-0.02785794,-0.02733211,-0.026471,-0.02564409,-0.02487424,-0.02405295,-0.02342078,-0.02318034,-0.02283417,-0.02234926,-0.02230573,-0.02253588,-0.02295275,-0.02355968,-0.02380951,-0.02432434,-0.02497022,-0.02554478,-0.02575656,-0.02578454,-0.02596746,-0.02596356,-0.02617067,-0.02702491,-0.02710852,-0.02772385,-0.02850315,-0.02893068,-0.02928947,-0.02987518,-0.03020051,-0.03063569,-0.03089151,-0.03073431,-0.03008976,-0.02940191,-0.02884947,-0.02792777,-0.02653853,-0.02482703,-0.02260257,-0.01962506,-0.01633772,-0.01296125,-0.009523235,-0.006391129,-0.003323898,-0.000476011,0.001660519,0.003730391,0.006576488,0.009790359,0.01360287,0.01794271,0.02161708,0.02455343,0.02582068,0.02576794,0.02470419,0.02190202,0.01863981,0.0153972,0.01373901,0.01245347,0.01169901,0.01150787,0.01184216,0.01235393,0.01265969,0.01284288,0.01333389,0.01422468,0.01554811,0.01564263,0.01556407,0.01553738,0.01523387,0.01455919,0.01346269,0.01235172,0.01186566,0.01156901,0.01081508,0.009760629,0.009075165,0.008697569,0.008578257,0.008398321,0.008220068,0.008591309,0.009682966,0.01131408,0.0127809,0.01425608,0.01608948,0.01869716,0.02204368,0.02542854,0.02864345,0.03209184,0.03543294,0.03837456,0.04081206,0.04202955,0.04285243,0.0439152,0.04554887,0.04709373,0.04749714,0.04724624,0.04815272,0.05079786,0.05560691,0.06116223,0.06657103,0.07233362,0.07954562,0.08900757,0.100304,0.1126976,0.1255423,0.1367732,0.1478399,0.1585139,0.167099,0.1716509,0.1725751,0.1724916,0.1740454,0.1784485,0.1847092,0.1912722,0.1971309,0.2022697,0.2075224,0.213061,0.2188192,0.2233691,0.2262738,0.228714,0.2309506,0.2342552,0.2388766,0.2438286,0.247261,0.2494378,0.250883,0.2517942,0.2534614,0.2545631,0.2542737,0.2518608,0.2478431,0.2431991,0.2394153,0.2379307,0.2379525,0.2384454,0.2388105,0.238366,0.2385012,0.2404247,0.2433129,0.246807,0.2492435,0.2476489,0.2439099,0.2392617,0.2352926,0.2330201,0.2318765,0.2307815,0.2277992,0.2232792,0.2178233,0.212478,0.2093138,0.2072493,0.2071564,0.2061938,0.2030394,0.1979068,0.1933107,0.1873145,0.1837686,0.1798212,0.1744272,0.1655278,0.1556446,0.146882,0.1414513,0.1410061,0.1440562,0.1530303,0.162799,0.1599306
22,lactose,-0.05198241,-0.05342785,-0.05224326,-0.05086013,-0.0488569,-0.04669586,-0.04511895,-0.04312471,-0.04246794,-0.0428565,-0.04338217,-0.0441759,-0.04506811,-0.04604333,-0.04666016,-0.04659447,-0.04601963,-0.04542859,-0.04438638,-0.04362212,-0.04273445,-0.04161624,-0.04060023,-0.03954766,-0.03825261,-0.03724969,-0.0357823,-0.03435595,-0.03359367,-0.03293942,-0.03231489,-0.0317397,-0.03089437,-0.03026341,-0.02960824,-0.02857289,-0.02772507,-0.0270458,-0.02641174,-0.02607702,-0.0257318,-0.0252742,-0.02519421,-0.02537459,-0.02584521,-0.02625958,-0.02652166,-0.02698789,-0.02754406,-0.0280084,-0.02813606,-0.02815092,-0.02823643,-0.02809376,-0.02815501,-0.02881194,-0.02902501,-0.02956336,-0.03007167,-0.03067167,-0.03084296,-0.03124678,-0.03159173,-0.03194735,-0.03194583,-0.03170661,-0.0310949,-0.03022165,-0.02932889,-0.02819056,-0.02697507,-0.02522759,-0.02257749,-0.01977736,-0.01644507,-0.01249004,-0.008985701,-0.005872601,-0.00292655,0.000154398,0.002452839,0.004525409,0.007454379,0.0108106,0.01483562,0.01932623,0.02322107,0.02630887,0.02797015,0.02796346,0.02622886,0.02304515,0.01902782,0.01534498,0.01288159,0.01127499,0.01061181,0.01027223,0.01050794,0.01088386,0.01119443,0.01134889,0.01173957,0.01225422,0.01337027,0.0137869,0.01395463,0.01391234,0.01324632,0.01238229,0.0115865,0.01069088,0.01005418,0.009516749,0.008735247,0.007975239,0.007270435,0.0066026,0.006191966,0.006168844,0.006385689,0.006842866,0.007643661,0.008942003,0.01056229,0.012393,0.01451867,0.01706832,0.02004486,0.02330705,0.02692909,0.03090098,0.03430277,0.03677084,0.03893202,0.04071742,0.04223837,0.04371858,0.04502663,0.04614339,0.04675533,0.04713078,0.04821344,0.05054281,0.05462217,0.05996196,0.06598182,0.07249916,0.08004233,0.08885478,0.09937165,0.1113699,0.1246948,0.1367702,0.1481797,0.158185,0.1656539,0.1699085,0.1712913,0.1718757,0.1735393,0.1774292,0.1826085,0.1883758,0.1945573,0.2008021,0.2068809,0.2118527,0.2161312,0.2199814,0.223187,0.2265618,0.229842,0.2332186,0.2371403,0.2408903,0.2436984,0.2467951,0.2497295,0.2511381,0.2523343,0.2520971,0.2509575,0.2486327,0.2456815,0.2425342,0.2392437,0.2365825,0.2349045,0.2342367,0.234483,0.2356993,0.2367841,0.2390321,0.2405396,0.2423549,0.2439832,0.2426226,0.2396929,0.2362798,0.232974,0.2303707,0.2276358,0.2245999,0.2209115,0.2167357,0.2128072,0.2091944,0.2063806,0.2028273,0.1998138,0.1973241,0.1938969,0.1900859,0.1878775,0.183743,0.179703,0.1721184,0.1634027,0.1527093,0.14255,0.1351042,0.131327,0.1309265,0.1349994,0.1395901,0.1439446,0.1374404
23,lactose,-0.05030562,-0.05063177,-0.05046346,-0.04882011,-0.04765384,-0.04634251,-0.04301222,-0.04185725,-0.0413606,-0.04146531,-0.04235234,-0.04341899,-0.04432979,-0.0450935,-0.04550125,-0.04544153,-0.04526114,-0.04475237,-0.04380538,-0.04299636,-0.04211417,-0.04098734,-0.03976766,-0.03862772,-0.03757853,-0.03633394,-0.03504197,-0.03360168,-0.03301169,-0.03249889,-0.03192261,-0.03138345,-0.03050969,-0.02990784,-0.02916324,-0.02840473,-0.02768606,-0.02703496,-0.02640413,-0.0262063,-0.02589608,-0.02536216,-0.02539689,-0.02563442,-0.02597241,-0.02649757,-0.02680843,-0.02719262,-0.02770903,-0.0283196,-0.02844879,-0.02835882,-0.0286827,-0.02863874,-0.02850581,-0.02935231,-0.02948152,-0.03007969,-0.03053229,-0.03084979,-0.03106973,-0.03154157,-0.03180851,-0.0319328,-0.031745,-0.03140573,-0.03089482,-0.02999319,-0.02886167,-0.02766738,-0.02635483,-0.02440357,-0.02191837,-0.01885698,-0.01553884,-0.01188762,-0.008563133,-0.005541588,-0.002646423,0.000158126,0.002382287,0.004370289,0.00689999,0.009976073,0.01376176,0.01787542,0.02135324,0.02413978,0.02552852,0.0252571,0.02341576,0.02014468,0.01651238,0.01285634,0.01058672,0.008653807,0.007931771,0.007735496,0.007800507,0.007973874,0.008521745,0.008902599,0.009161998,0.009858679,0.01144517,0.01181235,0.01191898,0.01201774,0.01178424,0.01127888,0.01059724,0.009779789,0.009440456,0.009273523,0.008595083,0.007754932,0.007202854,0.006922928,0.006795444,0.006551114,0.006656938,0.007401129,0.008386526,0.009458723,0.01069313,0.01248864,0.01474606,0.01716625,0.01966816,0.02245812,0.02596667,0.02988398,0.03306062,0.03493488,0.03657702,0.03844545,0.04011758,0.04123081,0.04196275,0.04253173,0.04310014,0.04374708,0.04494083,0.04654237,0.05015078,0.05515463,0.061158,0.06761368,0.07450095,0.08271323,0.09266839,0.1045663,0.117566,0.1289923,0.1393739,0.1489159,0.1565321,0.1610155,0.162373,0.1626775,0.1640519,0.1676699,0.1731369,0.1792673,0.1853033,0.1911093,0.1964451,0.2015579,0.206182,0.2103312,0.213494,0.2165076,0.2193367,0.2226982,0.2265003,0.2305112,0.2335797,0.2361467,0.238091,0.2398091,0.2413443,0.2420037,0.2408067,0.2380117,0.2346608,0.2313174,0.2286693,0.2267483,0.22555,0.2246923,0.224208,0.2243318,0.2268576,0.2292517,0.2314759,0.2328739,0.2330303,0.2314884,0.2287589,0.2260148,0.2238599,0.2209226,0.2174757,0.2136684,0.2101059,0.2069113,0.2037269,0.2004837,0.1970267,0.1932254,0.19031,0.1878063,0.184499,0.1818405,0.1782076,0.1736826,0.1685199,0.1619921,0.1530065,0.1413541,0.130579,0.1213893,0.1182518,0.1178079,0.1202548,0.1258893,0.1298749,0.128757
24,lactose,-0.02358794,-0.02427566,-0.02392604,-0.02184757,-0.01982231,-0.01778413,-0.01494496,-0.01407181,-0.01351581,-0.01368104,-0.01413614,-0.01454194,-0.01527517,-0.01593519,-0.01609866,-0.01601881,-0.01548426,-0.01461281,-0.01342979,-0.01245389,-0.01138335,-0.0101225,-0.008919909,-0.007764248,-0.006414922,-0.004906673,-0.003572833,-0.002125822,-0.001559378,-0.000827707,3.91E-05,0.000585891,0.001374274,0.002060251,0.002745035,0.003664968,0.004560644,0.005387829,0.005969066,0.006267698,0.006560881,0.006902535,0.007004166,0.006862716,0.006575304,0.006025065,0.00599241,0.005468891,0.004856173,0.00440865,0.004298611,0.00426097,0.004082455,0.004108914,0.0039521,0.003182596,0.00296342,0.002432322,0.001886257,0.001374477,0.001014859,0.000464656,-8.40E-05,-0.00050724,-0.00069936,-0.000572519,-0.00018578,0.000287538,0.000858009,0.00199313,0.003032706,0.004404869,0.006884623,0.009211846,0.01202375,0.01547139,0.01860019,0.0213692,0.02390618,0.02650488,0.02868365,0.03047794,0.03300768,0.03616413,0.03974251,0.04362763,0.04700482,0.04983574,0.05118549,0.05113385,0.04992868,0.04738444,0.04441284,0.04136116,0.03967421,0.03841127,0.0380252,0.03796303,0.03839404,0.03874147,0.0391645,0.03944554,0.03992151,0.04073871,0.04189454,0.04224406,0.04250701,0.042551,0.04200993,0.04124964,0.04062918,0.03996013,0.03934994,0.03883066,0.03805333,0.03757618,0.03700919,0.03628413,0.03586505,0.03594579,0.03624833,0.03675924,0.03742111,0.03850106,0.03998573,0.04191026,0.0439946,0.04605259,0.04878389,0.05200337,0.05552853,0.05911416,0.06196207,0.06402347,0.06602916,0.06772768,0.06901825,0.06998557,0.07116584,0.07219811,0.07264957,0.07301616,0.07424942,0.07649877,0.08029173,0.08494406,0.09042761,0.09663439,0.1037904,0.1123056,0.1219486,0.1330759,0.1453767,0.1566599,0.1670389,0.1764403,0.1834622,0.187468,0.1888146,0.1896109,0.1913108,0.1948705,0.2000351,0.205775,0.2115578,0.2173042,0.2229293,0.2275066,0.2313797,0.2351759,0.2384068,0.2413829,0.2443995,0.2474715,0.2509735,0.2544682,0.2572918,0.2602411,0.2625142,0.263674,0.2644579,0.2647238,0.263397,0.2611794,0.2585457,0.2551328,0.2523,0.250202,0.2488348,0.2485237,0.2488807,0.2493955,0.2511683,0.2534732,0.255536,0.2571781,0.2582112,0.2567995,0.2542443,0.2514428,0.2489414,0.2464356,0.2434828,0.2407731,0.2373779,0.233857,0.2309267,0.2279192,0.2258381,0.2224926,0.2201058,0.2170791,0.2144206,0.2110444,0.2084917,0.2054029,0.1997793,0.1932409,0.1834154,0.1715733,0.1600266,0.150696,0.1483308,0.1489015,0.1513567,0.1567508,0.161838,0.158021
25,lactose,-0.06681203,-0.06658381,-0.06539968,-0.06418065,-0.06246867,-0.06026203,-0.05721476,-0.05548165,-0.05503501,-0.05485717,-0.0552407,-0.05573866,-0.05625644,-0.05680776,-0.05705427,-0.05682655,-0.05604673,-0.05510442,-0.0537152,-0.05258664,-0.05147353,-0.0501582,-0.04877971,-0.04746025,-0.04619434,-0.04475697,-0.0432086,-0.04163063,-0.04090484,-0.04037807,-0.0397038,-0.03892208,-0.03794542,-0.03725941,-0.03644056,-0.03557569,-0.03467555,-0.03400575,-0.03330157,-0.03294617,-0.03260542,-0.03216562,-0.03223263,-0.03247483,-0.03294649,-0.03356737,-0.03372791,-0.03428554,-0.03496773,-0.03536501,-0.03554384,-0.03570843,-0.0360059,-0.0361757,-0.03635307,-0.03701723,-0.03744778,-0.03807297,-0.0388035,-0.03937838,-0.03982001,-0.04051423,-0.04089843,-0.04141811,-0.04161823,-0.04149863,-0.04106566,-0.04038704,-0.03966824,-0.0388201,-0.03759841,-0.03580678,-0.03355911,-0.03096664,-0.02779119,-0.0242239,-0.02094633,-0.01789631,-0.0150715,-0.01229297,-0.009948834,-0.007744458,-0.005057257,-0.001944481,0.002018592,0.006280222,0.009779675,0.01272927,0.01428781,0.01476078,0.01328308,0.01043726,0.007296957,0.004170665,0.002096403,0.000817691,0.000558652,0.000627533,0.000841483,0.001140278,0.001605383,0.002176795,0.002665367,0.003273406,0.004500309,0.00495071,0.005088268,0.005106631,0.004554887,0.003709359,0.002883044,0.001965099,0.001348355,0.00093959,0.000264257,-0.000512349,-0.001284188,-0.001915852,-0.0021541,-0.002214303,-0.002135995,-0.001651822,-0.000791699,0.000449536,0.001953899,0.00372413,0.005747419,0.008161104,0.01112428,0.0142646,0.01779752,0.0216461,0.02494384,0.0273943,0.02934598,0.03087729,0.03220077,0.03359239,0.03497269,0.03585804,0.03611543,0.03651762,0.03801643,0.04053207,0.04437144,0.04918926,0.05485201,0.06137994,0.0690556,0.07800338,0.08796484,0.09927539,0.1123744,0.1244669,0.1355027,0.1449426,0.1520832,0.1561964,0.157941,0.1590583,0.1608327,0.1642419,0.1694004,0.1754135,0.1818636,0.1882141,0.1936548,0.198305,0.2021464,0.2062149,0.2095796,0.2129014,0.2157395,0.2185853,0.2222409,0.2258354,0.2294155,0.2323242,0.2342495,0.2353536,0.2358523,0.2362212,0.2356836,0.2331142,0.2297502,0.2263888,0.2233947,0.2212605,0.2202985,0.2200891,0.219954,0.2208228,0.2221633,0.2244947,0.227008,0.2288234,0.2297592,0.228138,0.2251592,0.222509,0.2197657,0.2176748,0.2147833,0.2114448,0.207725,0.2041841,0.20101,0.1982431,0.1953391,0.1925787,0.1891323,0.1861303,0.1833181,0.1802415,0.1775576,0.173646,0.1693755,0.1615808,0.1510902,0.1386181,0.1255941,0.1159825,0.1119773,0.1125163,0.1141943,0.1216625,0.1276143,0.1229076
